,0
0,a0001
1,a0002
2,a0003
3,a0004
4,a0005
5,a0006
6,a0008
7,a0010
8,a0011
9,a0013
10,a0014
11,a0015
12,a0017
13,a0018
14,a0019
15,a0020
16,a0021
17,a0022
18,a0023
19,a0024
20,a0025
21,a0026
22,a0027
23,a0028
24,a0029
25,a0030
26,a0031
27,a0032
28,a0033
29,a0034
30,a0036
31,a0038
32,a0042
33,a0043
34,a0044
35,a0045
36,a0046
37,a0047
38,a0048
39,a0051
40,a0052
41,a0053
42,a0055
43,a0056
44,a0057
45,a0058
46,a0059
47,a0060
48,a0061
49,a0062
50,a0063
51,a0064
52,a0065
53,a0067
54,a0068
55,a0070
56,a0071
57,a0072
58,a0073
59,a0074
60,a0075
61,a0076
62,a0077
63,a0078
64,a0080
65,a0082
66,a0083
67,a0085
68,a0087
69,a0088
70,a0090
71,a0091
72,a0092
73,a0093
74,a0094
75,a0097
76,a0098
77,a0099
78,a0100
79,a0101
80,a0102
81,a0103
82,a0104
83,a0105
84,a0106
85,a0107
86,a0108
87,a0109
88,a0110
89,a0111
90,a0112
91,a0113
92,a0114
93,a0115
94,a0118
95,a0119
96,a0120
97,a0121
98,a0122
99,a0123
100,a0124
101,a0125
102,a0128
103,a0129
104,a0130
105,a0131
106,a0132
107,a0133
108,a0134
109,a0135
110,a0136
111,a0137
112,a0138
113,a0142
114,a0144
115,a0146
116,a0147
117,a0148
118,a0149
119,a0150
120,a0151
121,a0152
122,a0153
123,a0156
124,a0157
125,a0158
126,a0159
127,a0160
128,a0161
129,a0164
130,a0165
131,a0166
132,a0167
133,a0168
134,a0169
135,a0170
136,a0173
137,a0174
138,a0175
139,a0176
140,a0177
141,a0178
142,a0179
143,a0180
144,a0182
145,a0185
146,a0187
147,a0190
148,a0191
149,a0192
150,a0193
151,a0194
152,a0195
153,a0196
154,a0197
155,a0198
156,a0199
157,a0200
158,a0201
159,a0202
160,a0204
161,a0205
162,a0206
163,a0207
164,a0208
165,a0209
166,a0212
167,a0213
168,a0214
169,a0215
170,a0216
171,a0217
172,a0218
173,a0219
174,a0220
175,a0221
176,a0222
177,a0223
178,a0224
179,a0225
180,a0226
181,a0227
182,a0228
183,a0229
184,a0230
185,a0232
186,a0233
187,a0234
188,a0235
189,a0236
190,a0237
191,a0239
192,a0240
193,a0241
194,a0242
195,a0243
196,a0244
197,a0247
198,a0248
199,a0249
200,a0250
201,a0251
202,a0252
203,a0254
204,a0255
205,a0256
206,a0257
207,a0258
208,a0259
209,a0260
210,a0261
211,a0262
212,a0263
213,a0267
214,a0268
215,a0269
216,a0270
217,a0271
218,a0272
219,a0273
220,a0274
221,a0276
222,a0277
223,a0278
224,a0279
225,a0280
226,a0281
227,a0282
228,a0283
229,a0284
230,a0287
231,a0288
232,a0289
233,a0292
234,a0293
235,a0294
236,a0295
237,a0298
238,a0299
239,a0300
240,a0303
241,a0304
242,a0305
243,a0306
244,a0307
245,a0308
246,a0310
247,a0311
248,a0312
249,a0313
250,a0314
251,a0315
252,a0316
253,a0317
254,a0318
255,a0319
256,a0320
257,a0322
258,a0325
259,a0326
260,a0327
261,a0328
262,a0329
263,a0330
264,a0331
265,a0333
266,a0335
267,a0336
268,a0337
269,a0338
270,a0339
271,a0340
272,a0341
273,a0343
274,a0344
275,a0346
276,a0347
277,a0348
278,a0349
279,a0350
280,a0351
281,a0352
282,a0353
283,a0355
284,a0356
285,a0357
286,a0359
287,a0360
288,a0361
289,a0362
290,a0363
291,a0365
292,a0366
293,a0367
294,a0368
295,a0369
296,a0370
297,a0371
298,a0372
299,a0373
300,a0374
301,a0376
302,a0377
303,a0378
304,a0379
305,a0380
306,a0382
307,a0383
308,a0384
309,a0385
310,a0387
311,a0388
312,a0389
313,a0390
314,a0392
315,a0394
316,a0396
317,a0398
318,a0399
319,a0400
320,a0401
321,a0402
322,a0403
323,a0404
324,a0405
325,a0406
326,a0408
